47 Tucanae,NGC 104,C 106
Ambartsumian's Knot,NGC 3561
Andromeda Galaxy,NGC 224,M 31
Antennae,NGC 4038,NGC 4039,C 60,C 61
Atoms For Peace Galaxy,NGC 7252
Barnard's Galaxy,NGC 6822,IC 4895,C 57
Baxendell's Nebula,NGC 7088
Bear Claw Nebula,NGC 2537
Bear Paw Nebula,NGC 2537
Beehive Cluster,NGC 2632,M 44
Black Eye Galaxy,NGC 4826,M 64
Blinking Planetary Nebula,NGC 6826,C 15
Blue Flash Nebula,NGC 6905
Blue Planetary Nebula,NGC 3918
Blue Snowball,NGC 7662,C 22
Bode's Galaxy,NGC 3031,M 81
Bow Tie Nebula,NGC 40,C 2
Box Nebula,NGC 6309
Bubble Nebula,NGC 7635,C 11
Bug Nebula,NGC 6302,C 69
Butterfly Nebula,IC 2220
Butterly Cluster,NGC 6405,M 6
California Nebula,NGC 1499
Carafe Group,NGC 1595,NGC 1598
Cat Eye Nebula,NGC 6543,C 6
Cave Nebula,C 9
Centaurus A,NGC 5128,C 77
Cetus A,NGC 1068,M 77
Chi Persei,NGC 884
Christmas Tree Cluster,NGC 2264
Cigar Galaxy,NGC 3034,M 82
Clown Face Nebula,NGC 2392,C 39
Coalsack,C 99
Cocoon Nebula,IC 5146,C 19
Coddington Nebula,IC 2574
Copeland's Septet,NGC 3745,NGC 3746,NGC 3748,NGC 3750,NGC 3751,NGC 3753,NGC 3754
Crab Nebula,NGC 1952,M 1
Crescent Nebula,NGC 6888,C 27
Double Cluster,NGC 869,NGC 884,C 14
Dumbbell Nebula,NGC 6853,M 27
Eagle Nebula,NGC 6611,M 16
Eight Burst Nebula,NGC 3132,C 74
Epsilon Orionis Nebula,NGC 1990
Eskimo Nebula,NGC 2392,C 39
Eta Carinae Nebula,NGC 3372,C 92
Fireworks Galaxy,NGC 6946,C 12
Flame Nebula,NGC 2024
Flaming Star Nebula,IC 405,C 31
Fornax A,NGC 1316
Gamma Cas Nebula,IC 59,IC 63
Gamma Cygni Nebula,IC 1318
Gem Cluster,NGC 3293
Ghost of Jupiter,NGC 3242,C 59
Grus Quartet,NGC 7552,NGC 7582,NGC 7590,NGC 7599
h Persei,NGC 869
Helix Galaxy,NGC 2685
Helix Nebula,NGC 7293,C 63
Hercules Cluster,NGC 6205,M 13
Herschel's Ray,NGC 2736
Hind's Variable Nebula,NGC 1555
Horsehead Nebula,IC 434
Hubble's Variable Nebula,NGC 2261,C 46
Hyades,C 41
Intergalactic Wanderer,NGC 2419
Iris Nebula,NGC 7023,C 4
Jewel Box,NGC 4755,C 94
Kappa Crucis Cluster,NGC 4755,C 94
Keenan's System,NGC 5216,NGC 5218
Kidney Bean Galaxy,NGC 4774
Large Magellanic Cloud,PGC 17223
LMC,PGC 17223
Lambda Centauri Cluster,IC 2944,C 100
Lagoon Nebula,NGC 6523,M 8
Little Dumbbell Nebula,NGC 650,NGC 651,M 76
Little Gem,NGC 6818
Maia Nebula,NGC 1432
Markarian's Chain,NGC 4374,NGC 4406,NGC 4435,NGC 4438,NGC 4458,NGC 4461,NGC 4473,NGC 4477
Miniature Spiral,NGC 3928
Merope Nebula,NGC 1435
Needle Galaxy,NGC 4565,C 38
Mirach's Ghost,NGC 404
Nubecula Minor,NGC 292
North America Nebula,NGC 7000,C 20
Omega Centauri,NGC 5139,C 80
Omega Nebula,NGC 6618,M 17
Omicron Velorum Custer,IC 2391,C 85
Orion Nebula,NGC 1976,M 42
Owl Cluster,NGC 457,C 13
Owl Nebula,NGC 3587,M 97
Papillon,IC 708
Pearl Cluster,NGC 3766,C 97
Pelican Nebula,IC 5067,IC 5070
Perseus A,NGC 1275,C 24
Pinwheel Galaxy,NGC 5457,M 101
Pleiades,M 45
Polarissima Australis,NGC 2573
Polarissima Borealis,NGC 3172
Praesepe,NGC 2632,M 44
Ptolemy's Cluster,NGC 6475,M 7
Rho Ophiuchi Nebula,IC 4604
Ring Nebula,NGC 6720,M 57
Running Chicken Nebula,IC 2944,C 100
Rosette Nebula,NGC 2237,NGC 2238,NGC 2246,NGC 2239,C 49
Sagittarius Star Cloud,IC 4715,M 24
Saturn Nebula,NGC 7009,C 55
Sculptor Galaxy,NGC 253
Seven Sisters,M 45
Seyfert's Sextet,NGC 6027A,NGC 6027B,NGC 6027C,NGC 6027D,NGC 6027E
Siamese Twins,NGC 4567,NGC 4568
Silver Dollar Galaxy,NGC 253
Small Magellanic Cloud,NGC 292
SMC,NGC 292
Sombrero Galaxy,NGC 4594,M 104
Southern Integral Sign,IC 5173
Southern Pinwheel Galaxy,NGC 5236,M 83
Southern Pleiades,IC 2602,C 102
Spindle Galaxy,NGC 3115,C 53
Spindle Galaxy,NGC 5866,M 102
Star Queen Nebula,NGC 6611,M 16
Stephan's Quintet,NGC 7317,NGC 7318A,NGC 7318B,NGC 7319,NGC 7320
Struve's Lost Nebula,NGC 1554
Sunflower Galaxy,NGC 5055,M 63
Swan Nebula,NGC 6618,M 17
Tarantula Nebula,NGC 2070,C 103
Taurus A,NGC 1952,M 1
The Box,NGC 4169,NGC 4173,NGC 4174,NGC 4175
The Eyes,NGC 4435,NGC 4438
The Mice,NGC 4676A,NGC 4676B
Theta Carinae Cluster,IC 2602
Toby Jug Nebula,IC 2220
Triangulum Galaxy,NGC 598,M 33
Trifid Nebula,NGC 6514,M 20
Ursa Major A,NGC 3034,M 82
Veil Nebula,NGC 6960,NGC 6992,NGC 6995,C 33,C 34
Virgo A,NGC 4486,M 87
Whale Galaxy,NGC 4631,C 32
Whirlpool Galaxy,NGC 5194,M 51
Wild Duck Cluster,NGC 6705,M 11
Wishing Well Cluster,NGC 3532,C 91
Witch Head Nebula,IC 2118
Zwicky's Triplet,IC 3481,IC 3481A,IC 3483